;train_loss;MAE;DP;Precision;Recall;F1-score;time
FOLD_1_0;64,016;19,02803802;22,54;0,55;0,55;0,55;19,11
FOLD_1_1;12,169;14,46342945;17,98;0,61;0,61;0,61;18,88
FOLD_1_2;9,502;11,960536;15,2;0,62;0,62;0,62;18,09
FOLD_1_3;8,979;11,66638374;14,68;0,62;0,62;0,62;18,14
FOLD_1_4;8,818;11,67257214;14,69;0,62;0,62;0,62;18,2
FOLD_1_5;8,931;11,49979877;14,35;0,64;0,64;0,64;18,02
FOLD_1_6;8,968;11,53346252;14,42;0,64;0,64;0,64;18,35
FOLD_1_7;9,02;11,64272022;14,63;0,72;0,72;0,72;17,9
FOLD_1_8;8,909;11,70305634;14,74;0,62;0,62;0,62;17,9
FOLD_1_9;8,881;11,66946411;14,69;0,62;0,62;0,62;18,23
FOLD_1_10;8,864;11,61146069;14,57;0,72;0,72;0,72;17,95
FOLD_1_11;8,959;11,57762909;14,5;0,72;0,72;0,72;18,23
FOLD_1_12;8,908;11,61571407;14,58;0,72;0,72;0,72;18,2
FOLD_1_13;8,987;11,60211182;14,55;0,72;0,72;0,72;17,88
FOLD_1_14;8,914;11,64714241;14,64;0,72;0,72;0,72;18
FOLD_1_15;8,975;11,61628914;14,58;0,72;0,72;0,72;18,11
FOLD_1_16;8,97;11,65048218;14,65;0,72;0,72;0,72;17,91
FOLD_1_17;8,973;11,54838562;14,45;0,64;0,64;0,64;18,36
FOLD_1_18;8,911;11,65916061;14,67;0,64;0,64;0,64;17,99
FOLD_1_19;8,79;11,66117096;14,67;0,62;0,62;0,62;17,96
FOLD_1_20;8,822;11,70029259;14,74;0,62;0,62;0,62;18,25
FOLD_1_21;8,905;11,60830021;14,57;0,72;0,72;0,72;18,15
FOLD_1_22;8,915;11,85783577;15,02;0,62;0,62;0,62;18,23
FOLD_1_23;8,963;11,69129562;14,72;0,62;0,62;0,62;18,1
FOLD_1_24;8,867;11,65387154;14,66;0,72;0,72;0,72;17,9
FOLD_1_25;9,011;11,57370281;14,5;0,72;0,72;0,72;18,35
FOLD_1_26;8,908;11,91058636;15,12;0,55;0,55;0,55;17,98
FOLD_1_27;9,071;11,65228748;14,66;0,64;0,64;0,64;18,12
FOLD_1_28;8,858;11,71429062;14,76;0,62;0,62;0,62;18,26
FOLD_1_29;8,85;11,66133404;14,67;0,55;0,55;0,55;17,92
FOLD_1_30;8,901;11,85848904;15,02;0,62;0,62;0,62;18,46
FOLD_2_0;48,379;15,04063892;18,13;0,55;0,55;0,55;19,26
FOLD_2_1;13,008;10,90726566;14,03;0,66;0,66;0,66;18,19
FOLD_2_2;10,123;9,15510273;12,17;0,73;0,73;0,73;18,06
FOLD_2_3;9,543;9,034970284;11,82;0,72;0,72;0,72;18,23
FOLD_2_4;9,539;9,034963608;11,82;0,72;0,72;0,72;17,95
FOLD_2_5;9,622;9,045367241;11,96;0,73;0,73;0,73;18,34
FOLD_2_6;9,472;9,068697929;11,56;0,72;0,72;0,72;18,04
FOLD_2_7;9,546;9,06860733;11,56;0,72;0,72;0,72;17,91
FOLD_2_8;9,557;9,058443069;11,63;0,72;0,72;0,72;18,61
FOLD_2_9;9,523;9,055909157;11,65;0,72;0,72;0,72;18
FOLD_2_10;9,749;9,058941841;11,63;0,72;0,72;0,72;17,96
FOLD_2_11;9,65;9,064749718;11,58;0,72;0,72;0,72;18,16
FOLD_2_12;9,631;9,07469368;11,52;0,72;0,72;0,72;17,91
FOLD_2_13;9,545;9,057403564;11,64;0,72;0,72;0,72;18,11
FOLD_2_14;9,55;9,066749573;11,57;0,72;0,72;0,72;18,12
FOLD_2_15;9,641;9,043862343;11,74;0,72;0,72;0,72;17,91
FOLD_2_16;9,605;9,095880508;11,42;0,72;0,72;0,72;18,26
FOLD_2_17;9,659;9,079928398;11,49;0,72;0,72;0,72;17,87
FOLD_2_18;9,573;9,062332153;11,6;0,72;0,72;0,72;18,15
FOLD_2_19;9,509;9,068519592;11,56;0,72;0,72;0,72;18,3
FOLD_2_20;9,547;9,069467545;11,56;0,72;0,72;0,72;17,87
FOLD_2_21;9,782;9,047264099;11,71;0,67;0,67;0,67;17,89
FOLD_2_22;9,649;9,08398056;11,47;0,72;0,72;0,72;18,15
FOLD_2_23;9,535;9,057945251;11,63;0,72;0,72;0,72;17,95
FOLD_2_24;9,505;9,054289818;11,66;0,72;0,72;0,72;18,24
FOLD_2_25;9,611;9,076827049;11,52;0,72;0,72;0,72;17,97
FOLD_2_26;9,593;9,056529045;11,65;0,72;0,72;0,72;17,91
FOLD_2_27;9,564;9,036642075;11,8;0,72;0,72;0,72;18,33
FOLD_2_28;9,598;9,023643494;11,92;0,72;0,72;0,72;18,17
FOLD_2_29;9,56;9,025452614;11,91;0,67;0,67;0,67;17,95
FOLD_2_30;9,497;9,049826622;11,69;0,72;0,72;0,72;18,13
FOLD_3_0;19,602;10,75935841;11,4;0,56;0,56;0,56;19,32
FOLD_3_1;46,763;6,742766857;7,44;0,72;0,72;0,72;18,54
FOLD_3_2;10,469;7,312525272;7,66;0,69;0,69;0,69;18,68
FOLD_3_3;9,989;7,45630312;7,85;0,69;0,69;0,69;17,97
FOLD_3_4;9,914;7,562423706;8,01;0,69;0,69;0,69;18,18
FOLD_3_5;52,996;7,792412758;8,41;0,67;0,67;0,67;18,68
FOLD_3_6;635,445;7,099839211;7,45;0,67;0,67;0,67;18,01
FOLD_3_7;9,914;6,858170986;7,14;0,69;0,69;0,69;18,06
FOLD_3_8;10,08;8,071632385;8,86;0,61;0,61;0,61;18,12
FOLD_3_9;9,79;7,950417519;8,72;0,69;0,69;0,69;18
FOLD_3_10;9,983;7,205880165;7,54;0,69;0,69;0,69;18,48
FOLD_3_11;39,927;7,973655224;8,75;0,64;0,64;0,64;18,07
FOLD_3_12;40,086;8,082645416;8,87;0,64;0,64;0,64;17,97
FOLD_3_13;9,848;7,595821381;8,05;0,69;0,69;0,69;18,21
FOLD_3_14;9,864;8,114622116;8,91;0,61;0,61;0,61;17,95
FOLD_3_15;9,953;8,733362198;9,72;0,64;0,64;0,64;18,4
FOLD_3_16;9,919;7,094569206;7,44;0,69;0,69;0,69;18,25
FOLD_3_17;10,192;7,853255272;8,52;0,67;0,67;0,67;17,96
FOLD_3_18;9,821;7,95871973;8,74;0,64;0,64;0,64;18,05
FOLD_3_19;9,82;7,943601131;8,71;0,67;0,67;0,67;18,18
FOLD_3_20;9,963;7,923793793;8,66;0,67;0,67;0,67;17,93
FOLD_3_21;9,906;7,997832298;8,78;0,61;0,61;0,61;18,27
FOLD_3_22;9,867;7,759209633;8,34;0,69;0,69;0,69;18,07
FOLD_3_23;9,918;7,857205868;8,53;0,69;0,69;0,69;18,02
FOLD_3_24;9,78;7,945992947;8,71;0,69;0,69;0,69;18,62
FOLD_3_25;9,879;7,9511199;8,72;0,69;0,69;0,69;18
FOLD_3_26;9,905;7,686201096;8,21;0,69;0,69;0,69;18
FOLD_3_27;9,831;7,843812466;8,51;0,69;0,69;0,69;18,21
FOLD_3_28;9,779;7,88967514;8,6;0,69;0,69;0,69;17,95
FOLD_3_29;9,82;7,917975426;8,66;0,69;0,69;0,69;18,24
FOLD_3_30;9,892;7,734792709;8,3;0,69;0,69;0,69;18,01
FOLD_4_0;15,99;10,49980068;10,77;0,6;0,6;0,6;19,27
FOLD_4_1;11,314;8,266571045;9,38;0,68;0,68;0,68;19,85
FOLD_4_2;9,944;8,153447151;9,65;0,68;0,68;0,68;18,73
FOLD_4_3;9,727;8,378554344;10,54;0,74;0,74;0,74;18,27
FOLD_4_4;9,695;8,423482895;10,69;0,74;0,74;0,74;18,54
FOLD_4_5;9,834;8,376057625;10,51;0,74;0,74;0,74;18,74
FOLD_4_6;9,886;8,203623772;9,54;0,62;0,62;0,62;18,76
FOLD_4_7;10,532;8,637049675;11,14;0,69;0,69;0,69;18,49
FOLD_4_8;9,912;8,141206741;9,94;0,69;0,69;0,69;18,39
FOLD_4_9;9,759;8,44113636;10,74;0,74;0,74;0,74;18,55
FOLD_4_10;10,55;8,132910728;9,71;0,68;0,68;0,68;18,24
FOLD_4_11;10,409;9,513854027;7,67;0,6;0,6;0,6;18,95
FOLD_4_12;10,573;8,277147293;9,35;0,68;0,68;0,68;18,22
FOLD_4_13;9,82;8,448441505;9,04;0,62;0,62;0,62;18,22
FOLD_4_14;9,925;8,298440933;10,33;0,74;0,74;0,74;18,52
FOLD_4_15;10,369;8,217265129;9,51;0,68;0,68;0,68;18,34
FOLD_4_16;9,884;8,845435143;8,57;0,6;0,6;0,6;18,57
FOLD_4_17;10,152;8,493910789;8,93;0,68;0,68;0,68;18,37
FOLD_4_18;9,903;8,39385128;10,48;0,69;0,69;0,69;18,32
FOLD_4_19;9,717;8,565843582;11,17;0,69;0,69;0,69;18,53
FOLD_4_20;10,097;9,088868141;8,5;0,6;0,6;0,6;18,56
FOLD_4_21;9,933;8,334935188;10,41;0,74;0,74;0,74;18,63
FOLD_4_22;9,773;8,489752769;10,89;0,74;0,74;0,74;18,2
FOLD_4_23;9,713;8,305056572;10,31;0,69;0,69;0,69;18,26
FOLD_4_24;9,711;8,301007271;10,34;0,74;0,74;0,74;18,37
FOLD_4_25;9,785;8,486345291;10,83;0,69;0,69;0,69;18,18
FOLD_4_26;9,905;8,143968582;9,98;0,74;0,74;0,74;18,56
FOLD_4_27;9,736;8,509001732;10,95;0,74;0,74;0,74;18,13
FOLD_4_28;9,786;8,487024307;10,89;0,74;0,74;0,74;18,24
FOLD_4_29;9,667;8,554421425;11,13;0,74;0,74;0,74;18,41
FOLD_4_30;9,831;8,648622513;8,73;0,62;0,62;0,62;18,51
FOLD_5_0;69,035;18,38435745;20,05;0,48;0,48;0,48;19,14
FOLD_5_1;11,92;13,20401001;14,81;0,48;0,48;0,48;18,93
FOLD_5_2;9,342;11,85243511;13,32;0,56;0,56;0,56;18,39
FOLD_5_3;9,137;11,41968918;12,81;0,56;0,56;0,56;18,25
FOLD_5_4;9,078;11,37117863;12,78;0,61;0,61;0,61;18,22
FOLD_5_5;9,249;11,72726059;13,14;0,56;0,56;0,56;18,32
FOLD_5_6;9,645;12,06282711;13,6;0,54;0,54;0,54;18,59
FOLD_5_7;9,176;11,40948391;12,82;0,56;0,56;0,56;18,46
FOLD_5_8;9,133;11,34828091;12,74;0,61;0,61;0,61;18,34
FOLD_5_9;9,022;11,3618536;12,77;0,61;0,61;0,61;18,38
FOLD_5_10;9,27;11,70424557;13,16;0,56;0,56;0,56;18,24
FOLD_5_11;9,277;11,46265602;12,88;0,56;0,56;0,56;18,68
FOLD_5_12;9,145;17,53080559;19,04;0,45;0,45;0,45;18,34
FOLD_5_13;9,377;11,20544338;12,58;0,61;0,61;0,61;18,46
FOLD_5_14;9,077;11,35720444;12,76;0,59;0,59;0,59;18,43
FOLD_5_15;9,202;11,72956944;13,2;0,56;0,56;0,56;18,24
FOLD_5_16;9,059;11,71881771;13,19;0,54;0,54;0,54;18,94
FOLD_5_17;9,097;11,5290184;12,95;0,56;0,56;0,56;18,3
FOLD_5_18;9,092;11,33158493;12,73;0,61;0,61;0,61;18,22
FOLD_5_19;9,033;11,37223911;12,79;0,61;0,61;0,61;18,5
FOLD_5_20;9,131;11,462924;12,88;0,54;0,54;0,54;18,23
FOLD_5_21;9,841;11,30941772;12,69;0,61;0,61;0,61;18,66
FOLD_5_22;9,319;11,29389095;12,68;0,61;0,61;0,61;18,34
FOLD_5_23;9,044;11,38819885;12,8;0,56;0,56;0,56;18,27
FOLD_5_24;9,033;11,32526398;12,73;0,61;0,61;0,61;18,46
FOLD_5_25;9,079;11,40012646;12,82;0,56;0,56;0,56;18,55
FOLD_5_26;9,225;11,28846741;12,68;0,61;0,61;0,61;18,49
FOLD_5_27;9,043;11,45861816;12,88;0,56;0,56;0,56;18,24
FOLD_5_28;9,068;11,42549992;12,84;0,56;0,56;0,56;18,3
FOLD_5_29;9,033;11,37755871;12,79;0,56;0,56;0,56;18,54
FOLD_5_30;9,155;11,71014786;13,17;0,54;0,54;0,54;18,32
